{
    "Logistic Regression": {
        "accuracy": 0.8731707317073171,
        "precision": 0.8558558558558559,
        "recall": 0.9047619047619048,
        "f1": 0.8796296296296297,
        "roc_auc": 0.9438095238095238
    },
    "Decision Tree": {
        "accuracy": 1.0,
        "precision": 1.0,
        "recall": 1.0,
        "f1": 1.0,
        "roc_auc": 1.0
    },
    "Random Forest": {
        "accuracy": 1.0,
        "precision": 1.0,
        "recall": 1.0,
        "f1": 1.0,
        "roc_auc": 1.0
    }
}